{
  "model": "best_baseline",
  "test_size": 75,
  "f1": 0.9863013698630136,
  "classification_report": {
    "NO_TAREA": {
      "precision": 0.9743589743589743,
      "recall": 1.0,
      "f1-score": 0.987012987012987,
      "support": 38.0
    },
    "TAREA": {
      "precision": 1.0,
      "recall": 0.972972972972973,
      "f1-score": 0.9863013698630136,
      "support": 37.0
    },
    "accuracy": 0.9866666666666667,
    "macro avg": {
      "precision": 0.9871794871794872,
      "recall": 0.9864864864864865,
      "f1-score": 0.9866571784380003,
      "support": 75.0
    },
    "weighted avg": {
      "precision": 0.987008547008547,
      "recall": 0.9866666666666667,
      "f1-score": 0.9866619225523334,
      "support": 75.0
    }
  },
  "confusion_matrix": [
    [
      38,
      0
    ],
    [
      1,
      36
    ]
  ]
}